{
  "best_val_acc": 93.76899696048632,
  "num_classes": 30,
  "class_names": [
    "Atlantic_Cod",
    "Black_Sea_Bass",
    "Bluefin_Tuna",
    "Bluefish",
    "Bluegill",
    "Brown_Trout",
    "Carp",
    "Catfish",
    "Chain_Pickerel",
    "Crappie",
    "Cusk",
    "Flounder",
    "Fluke",
    "Haddock",
    "Hake",
    "Lake_Trout",
    "Landlocked_Salmon",
    "Largemouth_Bass",
    "Mackerel",
    "Northern_Pike",
    "Rainbow_Trout",
    "Redfish",
    "Scup",
    "Smallmouth_Bass",
    "Squid",
    "Striped_Bass",
    "Tautog",
    "White_Perch",
    "Whiting",
    "Yellow_Perch"
  ],
  "training_history": {
    "train_loss": [
      2.7180146721826084,
      1.8060515013293943,
      1.3957910416782766,
      1.1933793244154558,
      1.0982183140257131,
      1.0177463517672773,
      0.9548812672711801,
      0.9255298056464264,
      0.909552730511928,
      0.8915128828822703,
      0.8926841495693594,
      0.8576661322427832,
      0.8414360785829849,
      0.8402729699577111,
      0.8203138406725897,
      0.8160139071768608,
      0.7981786434201227,
      0.8130443234374558,
      0.7837303583172784,
      0.7768883601478909,
      0.7631577115128005,
      0.726631672486015,
      0.699484229951665,
      0.6898306530454884,
      0.6846140424410502,
      0.6837494952091272,
      0.6792581634245057,
      0.6787391080372576,
      0.6737829066705012,
      0.6722443000130032,
      0.6721856395403544,
      0.6750969437585361,
      0.6716423527054165,
      0.6685775656631028,
      0.6653694821440655,
      0.664824146291484,
      0.6642627292785092,
      0.6627593092296434,
      0.662614623705546,
      0.6627176222593888,
      0.6623494581899781,
      0.6626599171887273,
      0.6605563440184662,
      0.6611224827559098,
      0.66042659420898,
      0.6599804776302283,
      0.6585712847502335,
      0.658994103687397,
      0.657423816729283
    ],
    "train_acc": [
      29.846014492753625,
      60.280797101449274,
      75.40760869565217,
      84.0126811594203,
      86.95652173913044,
      89.9909420289855,
      92.88949275362319,
      94.33876811594203,
      93.84057971014492,
      94.61050724637681,
      94.56521739130434,
      95.8786231884058,
      96.69384057971014,
      96.60326086956522,
      96.78442028985508,
      97.19202898550725,
      97.64492753623189,
      96.875,
      97.64492753623189,
      98.05253623188406,
      98.59601449275362,
      99.18478260869566,
      99.6376811594203,
      99.77355072463769,
      99.86413043478261,
      99.68297101449275,
      99.72826086956522,
      99.86413043478261,
      99.86413043478261,
      99.81884057971014,
      99.86413043478261,
      99.81884057971014,
      99.86413043478261,
      99.90942028985508,
      99.90942028985508,
      99.90942028985508,
      99.86413043478261,
      99.95471014492753,
      99.90942028985508,
      99.86413043478261,
      99.86413043478261,
      99.86413043478261,
      99.90942028985508,
      99.86413043478261,
      99.86413043478261,
      99.86413043478261,
      99.86413043478261,
      99.95471014492753,
      100.0
    ],
    "val_loss": [
      1.7441131310029463,
      1.3840058066628196,
      1.1745189428329468,
      1.2833754907954822,
      1.1991124478253452,
      1.1555235656824978,
      1.0943342013792559,
      1.1337279135530645,
      1.1312417767264626,
      1.0561494068665938,
      1.0526668700304898,
      1.0681883042508906,
      1.0463233319195835,
      1.0205695141445508,
      1.021708439696919,
      1.0529304255138745,
      1.028314010663466,
      1.0151918747208335,
      1.0410071936520664,
      1.0239656513387507,
      0.9963948997584257,
      0.9362503398548473,
      0.9110558087175543,
      0.9086332375353033,
      0.8968273943120783,
      0.8947257562117144,
      0.8941726684570312,
      0.8799295425415039,
      0.8733326738530939,
      0.8791566057638689,
      0.8667160760272633,
      0.8786263194951144,
      0.8813000863248651,
      0.8656504912809893,
      0.8715728629719127,
      0.8550265485590155,
      0.8510519862174988,
      0.8521285327998075,
      0.8483389453454451,
      0.8532388210296631,
      0.8531609611077742,
      0.8494060689752753,
      0.8549487644975836,
      0.8563491106033325,
      0.854481962594119,
      0.8546329899267717,
      0.848932071165605,
      0.8503921248696067,
      0.8520321846008301
    ],
    "val_acc": [
      62.462006079027354,
      78.26747720364742,
      85.1063829787234,
      83.73860182370821,
      86.17021276595744,
      86.93009118541033,
      88.60182370820668,
      88.29787234042553,
      89.51367781155015,
      88.90577507598785,
      90.12158054711246,
      89.66565349544074,
      89.36170212765957,
      91.1854103343465,
      90.88145896656535,
      91.03343465045593,
      91.33738601823708,
      91.33738601823708,
      90.12158054711246,
      90.12158054711246,
      90.5775075987842,
      91.48936170212765,
      91.64133738601824,
      91.94528875379939,
      92.24924012158054,
      92.09726443768997,
      92.40121580547113,
      92.55319148936171,
      92.70516717325228,
      92.24924012158054,
      92.40121580547113,
      92.55319148936171,
      92.40121580547113,
      92.55319148936171,
      92.24924012158054,
      92.85714285714286,
      93.46504559270517,
      93.16109422492401,
      93.76899696048632,
      93.46504559270517,
      92.85714285714286,
      92.85714285714286,
      93.31306990881458,
      92.85714285714286,
      93.00911854103343,
      93.31306990881458,
      92.85714285714286,
      92.85714285714286,
      92.85714285714286
    ]
  },
  "config": {
    "train_dir": "train_beta_data_set/processed/train",
    "val_dir": "train_beta_data_set/processed/val",
    "checkpoint_dir": "train_beta_data_set/models/checkpoints",
    "model_name": "efficientnet",
    "image_size": 224,
    "batch_size": 32,
    "learning_rate": 0.001,
    "max_epochs": 50,
    "target_accuracy": 95,
    "patience": 10,
    "max_training_time": 43200,
    "limit_per_class": null,
    "num_workers": 0
  },
  "timestamp": "2025-11-23T23:36:47.066063"
}